{
  "Mean IoU": 0.34885755873424135
}{"Mean IoU": 0.34885755873424135, "iteration": 10001}
