{
  "Mean IoU": 0.618094117517739,
  "Background IoU": 0.9262134175033115,
  "AR IoU": 0.30997481753216655
}