{
  "Mean IoU": 0.5795847339513096,
  "Background IoU": 0.893014197728708,
  "AR IoU": 0.2661552701739112
}